Customer_ID,First_Name,Middle_Name,Last_Name,Suffix,Gender,DoB,Address
1,PAUL,,SHELTON,,M,1/2/1908,225; Hanson Stravenue Spring; Porterville&; <30001>; US
2,LISA,,CLARKE,,F,6/3/1928,95071; Jamie Street Plain; Bourbonnais&; <30080>; US
3,LEE,,HARRISON,,M,12/30/2019,84857; Joshua Cape Course; Nutley&; <30024>; US
4,CHLOE,,JONES,,F,5/21/2012,538; Paul Forge Ports; Palestine&; <30020>; US
5,KRISTEN,,JACKSON,,F,11/13/1910,253; Cordova Run Rapid; Acworth&; <30060>; US
6,MONICA,,PITTS,,F,10/10/1930,8551; Shari Underpass Mews; Beaumont&; <30071>; US
7,KATELYN,,GORDON,,F,11/21/1928,88933; James Street Spurs; Thomasville&; <30052>; US
8,CORY,,NEWTON,,M,8/25/2013,920; Gregory Fall Mews; Nutley&; <30023>; US
9,DANIEL,,LEE,,M,11/5/1917,23384; Randall Pines Square; Gates-North Gates&; <30020>; US
10,JUSTIN,,ROSS,,M,12/8/2009,801; Jake Union Bridge; Vestavia Hills&; <30098>; US
11,JILL,,TAYLOR,,F,8/13/1985,638; Hansen Circle Views; Hutchinson&; <30066>; US
12,ANTHONY,,WALKER,,M,6/3/2020,698; Michael Heights Fort; Indio&; <30049>; US
13,SANDRA,,ANDERSON,,F,8/2/2017,169; Prince Port Motorway; Longview&; <30072>; US
14,TIFFANY,,SCHROEDER,,F,2/27/1957,9538; Thomas Mission Prairie; Grand Forks&; <30024>; US
15,ZACHARY,,SIMPSON,,M,3/26/1968,6446; Hunter Lights Brooks; Fitchburg&; <30074>; US
16,CHRISTINA,,BANKS,,F,7/25/1997,440; Robinson Village Hill; Acworth&; <30038>; US
17,TONY,,MILLER,,M,12/16/1956,82609; Michael Burgs Knoll; San Juan&; <30094>; US
18,BILLY,,ROBINSON,,M,4/19/1996,80929; Charles Mews Trail; Laguna Niguel&; <30099>; US
19,JENNA,,DIAZ,,F,3/8/1969,8716; Jenna Haven Corners; Murray&; <30074>; US
20,ROBIN,,DAVIS,,F,3/12/1906,1487; Alicia Street Mission; Indio&; <30011>; US
21,ANA,,ORTIZ,,F,3/30/1960,2888; Huff Overpass Junction; Santa Maria&; <30001>; US
22,MARTIN,,LEE,,M,7/21/2001,267; Smith Field Islands; Leland&; <30031>; US
23,LAURA,,ROBINSON,,F,3/5/1907,3814; Sanders Flat Vista; Kensington&; <30025>; US
24,HALEY,,STAFFORD,,F,12/8/2020,2540; Smith Walk Mountains; Far Rockaway&; <30048>; US
25,CHARLES,,BUTLER,,M,3/9/1935,5968; Scott Estates Isle; Sterling&; <30048>; US
26,PATRICK,,WILLIAMS,,M,2/9/1920,9192; Williams Field Island; Norwalk&; <30031>; US
27,DONNA,,WARD,,F,5/31/1909,6455; Woodard Flat Lake; Glendale&; <30084>; US
28,CARLA,,HARRIS,,F,8/6/1937,56094; Kelly Center Valleys; Porterville&; <30060>; US
29,TIFFANY,,COX,,F,3/1/1939,51894; Debra Dale Freeway; Fitchburg&; <30076>; US
30,JULIE,,JACOBSON,,F,12/31/2018,10215; Proctor Lakes Wall; Milledgeville&; <30015>; US
31,JORDAN,,MOORE,,M,4/3/1962,703; Frances Ways Manors; Pahrump&; <30058>; US
32,JOHN,,RICHARDSON,,M,12/19/1917,212; Jackson Stream Alley; Mechanicsville&; <30076>; US
33,TONY,,KRAMER,,M,1/22/1924,303; Adams Light Rest; Greenpoint&; <30051>; US
34,JENNA,,HUDSON,,F,12/11/2000,287; Smith Roads Expressway; Bothell&; <30011>; US
35,SYLVIA,,BASS,,F,3/5/1921,631; Andrew Summit Dam; Columbia Heights&; <30067>; US
36,JODY,,MILLER,,F,8/10/1937,196; David Shoals Junction; Dumont&; <30026>; US
37,SANDRA,,MITCHELL,,F,1/30/1977,6301; Michael Coves Street; Fresno&; <30077>; US
38,ALEJANDRO,,LOWE,,M,11/21/2019,68297; Austin Terrace Fields; Sicklerville&; <30066>; US
39,STEPHANIE,,POPE,,F,12/11/1979,9868; Steven Loop Trail; Redding&; <30097>; US
40,AMBER,,GRAVES,,F,8/3/1947,1146; Zachary Place Corners; Morningside Heights&; <30044>; US
41,STEPHEN,,CONLEY,,M,3/23/1997,687; Hall Junctions Station; Tyler&; <30098>; US
42,AMANDA,,CONLEY,,F,10/1/1930,5113; David Vista Keys; Far Rockaway&; <30031>; US
43,JENNA,,CHOI,,F,12/21/1931,8515; Miller Bridge Pass; Longview&; <30064>; US
44,DAVID,,HARPER,,M,9/22/1913,5037; Kenneth Keys Causeway; Palestine&; <30091>; US
45,KEVIN,,HOWARD,,M,2/12/1925,33450; Amanda Highway Village; Independence&; <30081>; US
46,CATHERINE,,MUELLER,,F,2/10/1943,583; Burke Port Groves; Fresno&; <30004>; US
47,MATTHEW,,PATTERSON,,M,12/30/1938,331; Rachel Knolls Walks; Kent&; <30047>; US
48,GARY,,JIMENEZ,,M,8/1/1938,40709; Jacqueline Points Shores; Grand Forks&; <30047>; US
49,JUSTIN,,MENDEZ,,M,12/29/1975,693; Martin Common Divide; Leland&; <30067>; US
50,RICHARD,,HAYNES,,M,10/25/1937,133; Smith Throughway Flat; Indio&; <30094>; US
51,KAREN,,AGUILAR,,F,7/2/1996,25518; Andrew Spring Shoals; Greenpoint&; <30048>; US
52,MARTIN,,MOORE,,M,10/26/1998,5611; Chan Street Square; Pottstown&; <30079>; US
53,SARA,,ROBINSON,,F,12/15/1927,9296; Mario Crest Coves; Estelle&; <30075>; US
54,AMANDA,,HOBBS,,F,8/18/2018,898; Christina Brook Plaza; Pahrump&; <30068>; US
55,MARY,,ZUNIGA,,F,2/26/1978,92383; Ramirez Lake Row; Evergreen Park&; <30082>; US
56,ISAIAH,,MANNING,,M,1/27/1967,8760; Garcia Forges Extensions; New City&; <30036>; US
57,LAURA,,BRYANT,,F,2/15/1996,292; Brendan Freeway Glen; Santa Maria&; <30032>; US
58,MELISSA,,FREEMAN,,F,5/23/1984,4008; Crystal Parkways Island; Fayetteville&; <30043>; US
59,ALYSSA,,LEE,,F,3/14/1985,665; Michael Plain Mountains; Chillum&; <30089>; US
60,ISAIAH,,SOTO,,M,12/30/1977,34948; Charles Track Tunnel; Norco&; <30023>; US
61,LINDSAY,,HARRISON,,F,8/4/1969,297; Charles Flats Mission; North Lauderdale&; <30085>; US
62,KATHERINE,,EVANS,,F,3/15/2001,691; Robin Ranch Drive; Davis&; <30061>; US
63,JEFFREY,,SMITH,,M,4/24/2012,41734; Rebecca Locks Street; Toledo&; <30099>; US
64,ANTHONY,,HILL,,M,6/5/1987,1551; Serrano Lodge Trace; Hueytown&; <30063>; US
65,BRIAN,,RODRIGUEZ,,M,8/25/1979,8767; Paul Turnpike Ranch; Rosedale&; <30016>; US
66,MICHELLE,,SPENCER,,F,3/7/2009,0; Wilson Rapid Meadow; Copperas Cove&; <30043>; US
67,AMANDA,,STRICKLAND,,F,7/24/1990,33122; Ashley Gateway Valley; Granger&; <30076>; US
68,PETER,,KNIGHT,,M,10/13/1986,91778; Blair Corners Circles; Bridgeport&; <30093>; US
69,THOMAS,,WILLIAMS,,M,5/8/1944,75691; Stanley Roads Hills; Encinitas&; <30016>; US
70,ROBERT,,CRUZ,,M,9/2/1966,193; Gentry Canyon Rest; Hutchinson&; <30023>; US
71,CINDY,,DANIEL,,F,4/29/1967,17667; Karen Via Center; Glendale&; <30025>; US
72,JAMES,,DOMINGUEZ,,M,4/2/1973,82139; Harris Glens Flats; Lexington&; <30034>; US
73,SUSAN,,WOOD,,F,1/31/2006,868; Roth Manors Inlet; Boston&; <30020>; US
74,MARGARET,,BROOKS,,F,12/20/1961,634; John Stravenue Grove; Yonkers&; <30003>; US
75,JO,,TURNER,,F,7/2/1917,371; Shane Cliff Lodge; Claremont&; <30083>; US
76,KIMBERLY,,HILL,,F,5/11/1907,42056; Yu Tunnel Mount; South Lawndale&; <30014>; US
77,MATTHEW,,WALSH,,M,11/3/1991,528; Kelly Parks Road; Mira Mesa&; <30095>; US
78,TRAVIS,,TURNER,,M,5/29/1990,606; Frederick Pass Loop; Deltona&; <30077>; US
79,MATTHEW,,MCDOWELL,,M,6/4/2005,9012; Crystal Trace Forest; Nampa&; <30006>; US
80,BARBARA,,JOHNSON,,F,12/15/1966,7624; Tara Forks Alley; Lower West Side&; <30064>; US
81,DAVID,,HOFFMAN,,M,7/30/1970,643; Ballard Motorway Row; Crystal Lake&; <30055>; US
82,STEPHANIE,,HUNT,,F,6/13/1908,942; Hill Cliff Knolls; Pekin&; <30033>; US
83,DAVID,,NELSON,,M,6/18/1943,509; Carlos Tunnel River; Dumont&; <30054>; US
84,ANITA,,NUNEZ,,F,8/21/1929,78529; Ross Course Camp; Claremont&; <30096>; US
85,WILLIE,,MARTINEZ,,M,7/24/1912,26567; Sara Knolls Rue; South Lawndale&; <30071>; US
86,AMANDA,,WILLIAMS,,F,1/5/1994,882; Heather Ramp Stravenue; Iron River&; <30016>; US
87,ADAM,,ANTHONY,,M,10/24/1934,65935; Theodore Shores Dam; Nampa&; <30006>; US
88,BROOKE,,CLARK,,F,1/30/1910,2609; Casey Fort Place; Mechanicsville&; <30051>; US
89,VINCENT,,JOHNSON,,M,6/17/1941,26414; Taylor Highway Flats; South Whittier&; <30076>; US
90,MICHAEL,,NICHOLS,,M,1/10/1926,869; Ruth Mission Key; Keizer&; <30064>; US
91,DANIEL,,WRIGHT,,M,1/13/1940,320; Brown Dam Corner; Ken Caryl&; <30023>; US
92,DAWN,,MCKENZIE,,F,2/23/1916,7177; John Street Tunnel; Sterling&; <30031>; US
93,KEITH,,HUGHES,,M,6/10/2015,46128; Quinn Freeway Manors; Columbia Heights&; <30021>; US
94,SUSAN,,HERNANDEZ,,F,2/15/1931,635; Catherine Ramp Neck; Acworth&; <30097>; US
95,EMILY,,WATERS,,F,1/4/1931,576; Brian Shore Rue; Woodbridge&; <30003>; US
96,DOUGLAS,,MACDONALD,,M,12/29/2003,69679; Underwood Avenue Road; Deltona&; <30055>; US
97,ROBERT,,SMITH,,M,7/8/2002,40676; Alex Shore Junction; Keizer&; <30019>; US
98,CHRISTINA,,EVANS,,F,7/3/1968,66945; Wright Cliff Wells; Aurora&; <30011>; US
99,DIANE,,GARCIA,,F,11/26/1983,7901; Blevins Brooks Extensions; Scottsdale&; <30071>; US
100,ROBERT,,ROBERTS,,M,3/12/1939,50126; Williams Burgs Harbor; American Canyon&; <30064>; US
